line_id	status	reason	n_candidates	n_atoms	n_sites
VERG-aene.1.1	correct		39	16	2
VERG-aene.1.2	correct		278	17	5
VERG-aene.1.3	correct		1	16	2
VERG-aene.1.4	correct		174	18	5
VERG-aene.1.5	correct		6	15	1
VERG-aene.1.6	correct		11	16	2
VERG-aene.1.7	correct		56	18	6
VERG-aene.1.8	correct		11	17	2
VERG-aene.1.9	correct		56	17	3
VERG-aene.1.10	correct		16	16	2
VERG-aene.1.11	correct		2	19	4
VERG-aene.1.12	correct		35	16	3
VERG-aene.1.13	correct		74	16	3
VERG-aene.1.14	correct		217	18	5
VERG-aene.1.15	correct		8	14	1
VERG-aene.1.16	correct		39	16	3
VERG-aene.1.17	correct		5	15	2
VERG-aene.1.18	correct		15	15	2
VERG-aene.1.19	correct		36	16	2
VERG-aene.1.20	correct		217	17	5
VERG-aene.1.21	correct		6	14	0
VERG-aene.1.22	correct		162	18	5
VERG-aene.1.23	correct		21	16	2
VERG-aene.1.24	correct		7	14	0
VERG-aene.1.25	correct		544	20	8
VERG-aene.1.26	correct		1	16	0
VERG-aene.1.27	correct		236	19	6
VERG-aene.1.28	correct		1	17	2
VERG-aene.1.29	correct		3	15	1
VERG-aene.1.30	gold_unreachable	elision_mismatch	34	16	4
VERG-aene.1.31	correct		7	14	1
VERG-aene.1.32	correct		50	15	3
VERG-aene.1.33	correct		11	15	1
VERG-aene.1.34	correct		1	15	1
VERG-aene.1.35	correct		37	18	4
VERG-aene.1.36	correct		140	16	5
VERG-aene.1.37	correct		68	15	3
VERG-aene.1.38	correct		250	18	7
VERG-aene.1.39	correct		17	15	2
VERG-aene.1.40	correct		58	17	5
VERG-aene.1.41	correct		218	17	5
VERG-aene.1.42	correct		377	18	5
VERG-aene.1.43	correct		319	18	6
VERG-aene.1.44	correct		1	14	1
VERG-aene.1.45	correct		6	17	2
VERG-aene.1.46	correct		762	18	7
VERG-aene.1.47	correct		9	15	1
VERG-aene.1.48	correct		18	15	1
VERG-aene.1.49	correct		112	17	5
VERG-aene.1.50	correct		45	15	3
VERG-aene.1.51	correct		34	18	5
VERG-aene.1.52	correct		1306	17	7
VERG-aene.1.53	correct		2	13	0
VERG-aene.1.54	correct		22	15	2
VERG-aene.1.55	correct		3	14	1
VERG-aene.1.56	correct		21	17	4
VERG-aene.1.57	correct		10	16	2
VERG-aene.1.58	correct		44	17	4
VERG-aene.1.59	correct		15	16	2
VERG-aene.1.60	correct		2	15	1
VERG-aene.1.61	correct		13	15	2
VERG-aene.1.62	correct		20	16	2
VERG-aene.1.63	correct		21	16	2
VERG-aene.1.64	correct		81	14	3
VERG-aene.1.65	correct		42	19	5
VERG-aene.1.66	correct		6	14	1
VERG-aene.1.67	correct		23	17	3
VERG-aene.1.68	correct		18	16	3
VERG-aene.1.69	correct		133	15	5
VERG-aene.1.70	correct		21	17	3
VERG-aene.1.71	correct		2	16	2
VERG-aene.1.72	gold_unreachable	elision_mismatch	7	14	2
VERG-aene.1.73	correct		100	16	4
VERG-aene.1.74	correct		10	14	0
VERG-aene.1.75	correct		10	15	1
VERG-aene.1.76	correct		195	17	5
VERG-aene.1.77	correct		18	16	2
VERG-aene.1.78	correct		147	16	5
VERG-aene.1.79	correct		30	16	3
VERG-aene.1.80	correct		6	14	0
VERG-aene.1.81	correct		21	18	4
VERG-aene.1.82	correct		6	16	1
VERG-aene.1.83	correct		5	15	1
VERG-aene.1.84	correct		50	16	2
VERG-aene.1.85	correct		22	17	3
VERG-aene.1.86	correct		20	15	1
VERG-aene.1.87	correct		27	15	1
VERG-aene.1.88	correct		35	16	3
VERG-aene.1.89	correct		64	16	4
VERG-aene.1.90	correct		30	18	4
VERG-aene.1.91	correct		7	15	3
VERG-aene.1.92	correct		256	17	7
VERG-aene.1.93	correct		7	15	1
VERG-aene.1.94	correct		110	16	3
VERG-aene.1.95	correct		23	17	4
VERG-aene.1.96	correct		6	17	2
VERG-aene.1.97	correct		30	15	2
VERG-aene.1.98	correct		12	18	5
VERG-aene.1.99	correct		464	22	9
VERG-aene.1.100	correct		10	15	1
VERG-aene.1.101	correct		329	18	6
VERG-aene.1.102	correct		20	15	2
VERG-aene.1.103	correct		20	17	3
VERG-aene.1.104	correct		37	15	3
VERG-aene.1.105	correct		2	18	2
VERG-aene.1.106	correct		3	14	1
VERG-aene.1.107	correct		1	17	2
VERG-aene.1.108	correct		8	15	2
VERG-aene.1.109	correct		22	18	4
VERG-aene.1.110	correct		7	16	2
VERG-aene.1.111	correct		6	16	3
VERG-aene.1.112	correct		14	17	3
VERG-aene.1.113	correct		70	16	3
VERG-aene.1.114	correct		39	16	3
VERG-aene.1.115	correct		3	15	0
VERG-aene.1.116	no_candidates	vowel_chain	0	16	1
VERG-aene.1.117	correct		3	18	3
VERG-aene.1.118	correct		7	13	1
VERG-aene.1.119	correct		56	17	3
VERG-aene.1.120	correct		1344	19	8
VERG-aene.1.121	correct		58	16	4
VERG-aene.1.122	correct		2	15	1
VERG-aene.1.123	correct		67	16	3
VERG-aene.1.124	correct		7	14	1
VERG-aene.1.125	correct		5	15	2
VERG-aene.1.126	correct		23	17	3
VERG-aene.1.127	correct		2	16	1
VERG-aene.1.128	correct		217	19	7
VERG-aene.1.129	correct		60	15	4
VERG-aene.1.130	correct		161	16	4
VERG-aene.1.131	correct		58	18	4
VERG-aene.1.132	correct		560	16	5
VERG-aene.1.133	correct		25	16	3
VERG-aene.1.134	correct		17	15	2
VERG-aene.1.135	correct		7	15	1
VERG-aene.1.136	correct		4	16	2
VERG-aene.1.137	correct		222	16	4
VERG-aene.1.138	correct		59	18	5
VERG-aene.1.139	correct		6	17	2
VERG-aene.1.140	correct		40	16	4
VERG-aene.1.141	correct		69	16	4
VERG-aene.1.142	correct		54	18	4
VERG-aene.1.143	correct		6	14	0
VERG-aene.1.144	correct		7	15	1
VERG-aene.1.145	correct		56	17	5
VERG-aene.1.146	correct		6	15	1
VERG-aene.1.147	correct		4	16	2
VERG-aene.1.148	correct		34	18	4
VERG-aene.1.149	correct		224	18	6
VERG-aene.1.150	correct		12	16	2
VERG-aene.1.151	correct		183	18	5
VERG-aene.1.152	correct		4	16	2
VERG-aene.1.153	correct		3	15	0
VERG-aene.1.154	correct		1	17	1
VERG-aene.1.155	correct		55	18	4
VERG-aene.1.156	correct		12	15	1
VERG-aene.1.157	correct		8	19	5
VERG-aene.1.158	correct		25	17	4
VERG-aene.1.159	correct		3	14	0
VERG-aene.1.160	correct		1	17	1
VERG-aene.1.161	correct		5	16	1
VERG-aene.1.162	correct		7	16	2
VERG-aene.1.163	correct		11	15	1
VERG-aene.1.164	correct		11	18	3
VERG-aene.1.165	correct		12	16	3
VERG-aene.1.166	correct		2	16	2
VERG-aene.1.167	correct		23	16	3
VERG-aene.1.168	correct		13	15	2
VERG-aene.1.169	correct		2	15	0
VERG-aene.1.170	correct		56	16	5
VERG-aene.1.171	correct		1	15	0
VERG-aene.1.172	correct		32	15	4
VERG-aene.1.173	correct		3	14	0
VERG-aene.1.174	correct		5	15	1
VERG-aene.1.175	correct		41	16	3
VERG-aene.1.176	correct		40	16	3
VERG-aene.1.177	correct		32	17	4
VERG-aene.1.178	correct		6	14	1
VERG-aene.1.179	correct		1	14	0
VERG-aene.1.180	correct		36	17	4
VERG-aene.1.181	correct		6	15	1
VERG-aene.1.182	correct		111	15	4
VERG-aene.1.183	correct		14	17	3
VERG-aene.1.184	correct		38	16	4
VERG-aene.1.185	correct		5	15	1
VERG-aene.1.186	correct		6	14	1
VERG-aene.1.187	correct		1	16	0
VERG-aene.1.188	correct		27	16	2
VERG-aene.1.189	correct		25	16	2
VERG-aene.1.190	correct		17	15	2
VERG-aene.1.191	correct		10	16	2
VERG-aene.1.192	correct		46	15	4
VERG-aene.1.193	correct		34	19	4
VERG-aene.1.194	correct		4	15	1
VERG-aene.1.195	correct		2	18	2
VERG-aene.1.196	correct		35	18	4
VERG-aene.1.197	correct		14	17	4
VERG-aene.1.198	correct		6	18	3
VERG-aene.1.199	correct		4	16	2
VERG-aene.1.200	correct		29	16	3
VERG-aene.1.201	correct		25	14	2
VERG-aene.1.202	correct		13	18	4
VERG-aene.1.203	correct		32	18	4
VERG-aene.1.204	correct		25	14	2
VERG-aene.1.205	gold_unreachable	elision_mismatch	10	15	1
VERG-aene.1.206	correct		1	15	1
VERG-aene.1.207	correct		31	15	2
VERG-aene.1.208	correct		50	17	4
VERG-aene.1.209	correct		6	15	1
VERG-aene.1.210	gold_unreachable	elision_mismatch	7	17	3
VERG-aene.1.211	correct		12	15	1
VERG-aene.1.212	correct		2	16	1
VERG-aene.1.213	correct		38	17	4
VERG-aene.1.214	correct		33	15	3
VERG-aene.1.215	correct		2	15	2
VERG-aene.1.216	correct		1	18	3
VERG-aene.1.217	correct		3	14	1
VERG-aene.1.218	correct		289	17	5
VERG-aene.1.219	correct		400	18	7
VERG-aene.1.220	correct		351	17	6
VERG-aene.1.221	correct		20	15	1
VERG-aene.1.222	correct		11	15	2
VERG-aene.1.223	correct		15	16	2
VERG-aene.1.224	correct		81	17	5
VERG-aene.1.225	correct		16	17	2
VERG-aene.1.226	correct		17	16	2
VERG-aene.1.227	correct		4	14	1
VERG-aene.1.228	correct		8	16	2
VERG-aene.1.229	correct		30	16	2
VERG-aene.1.230	correct		6	16	2
VERG-aene.1.231	correct		27	15	3
VERG-aene.1.232	correct		30	15	2
VERG-aene.1.233	correct		14	16	2
VERG-aene.1.234	correct		96	15	3
VERG-aene.1.235	correct		90	18	5
VERG-aene.1.236	correct		4	15	1
VERG-aene.1.237	correct		12	16	3
VERG-aene.1.238	correct		28	16	3
VERG-aene.1.239	correct		26	14	2
VERG-aene.1.240	correct		30	15	2
VERG-aene.1.241	correct		7	14	0
VERG-aene.1.242	correct		80	16	4
VERG-aene.1.243	correct		1	17	2
VERG-aene.1.244	correct		17	17	3
VERG-aene.1.245	correct		73	16	3
VERG-aene.1.246	correct		1	18	2
VERG-aene.1.247	correct		91	18	5
VERG-aene.1.248	correct		24	16	3
VERG-aene.1.249	gold_unreachable	elision_mismatch	2	13	0
VERG-aene.1.250	correct		55	17	4
VERG-aene.1.251	correct		54	16	4
VERG-aene.1.252	correct		8	17	2
VERG-aene.1.253	correct		34	15	2
VERG-aene.1.254	correct		19	15	2
VERG-aene.1.255	correct		9	14	1
VERG-aene.1.256	correct		42	17	4
VERG-aene.1.257	correct		19	16	2
VERG-aene.1.258	correct		8	16	3
VERG-aene.1.259	correct		89	17	4
VERG-aene.1.260	correct		36	17	5
VERG-aene.1.261	correct		8	17	2
VERG-aene.1.262	correct		96	17	5
VERG-aene.1.263	correct		7	17	2
VERG-aene.1.264	correct		43	15	3
VERG-aene.1.265	correct		87	16	4
VERG-aene.1.266	correct		8	16	1
VERG-aene.1.267	correct		31	15	3
VERG-aene.1.268	correct		15	16	1
VERG-aene.1.269	correct		2	14	1
VERG-aene.1.270	correct		428	17	6
VERG-aene.1.271	correct		16	14	2
VERG-aene.1.272	correct		3	13	0
VERG-aene.1.273	correct		14	15	1
VERG-aene.1.274	correct		22	17	3
VERG-aene.1.275	correct		41	17	4
VERG-aene.1.276	correct		81	17	5
VERG-aene.1.277	correct		70	16	3
VERG-aene.1.278	correct		7	14	0
VERG-aene.1.279	correct		40	16	2
VERG-aene.1.280	correct		2	17	2
VERG-aene.1.281	correct		280	18	5
VERG-aene.1.282	correct		6	14	0
VERG-aene.1.283	correct		29	16	3
VERG-aene.1.284	correct		8	15	1
VERG-aene.1.285	correct		2	17	2
VERG-aene.1.286	correct		14	15	1
VERG-aene.1.287	correct		156	16	4
VERG-aene.1.288	gold_unreachable	elision_mismatch	4	13	1
VERG-aene.1.289	correct		97	17	4
VERG-aene.1.290	correct		111	16	3
VERG-aene.1.291	correct		6	16	1
VERG-aene.1.292	correct		8	15	1
VERG-aene.1.293	correct		2	16	2
VERG-aene.1.294	correct		2	16	3
VERG-aene.1.295	correct		84	18	6
VERG-aene.1.296	correct		3	15	1
VERG-aene.1.297	correct		25	16	2
VERG-aene.1.298	correct		17	19	6
VERG-aene.1.299	correct		88	15	4
VERG-aene.1.300	correct		4	16	1
VERG-aene.1.301	correct		76	19	5
VERG-aene.1.302	correct		26	16	3
VERG-aene.1.303	gold_unreachable	elision_mismatch	62	15	3
VERG-aene.1.304	correct		3	16	2
VERG-aene.1.305	correct		174	16	5
VERG-aene.1.306	correct		3	14	0
VERG-aene.1.307	correct		48	16	4
VERG-aene.1.308	correct		8	18	4
VERG-aene.1.309	correct		22	18	4
VERG-aene.1.310	correct		74	17	4
VERG-aene.1.311	correct		4	17	4
VERG-aene.1.312	correct		6	17	1
VERG-aene.1.313	correct		15	14	1
VERG-aene.1.314	correct		56	17	3
VERG-aene.1.315	correct		4	16	0
VERG-aene.1.316	correct		39	15	3
VERG-aene.1.317	correct		138	18	6
VERG-aene.1.318	correct		27	17	2
VERG-aene.1.319	correct		14	15	2
VERG-aene.1.320	correct		7	15	1
VERG-aene.1.321	correct		187	17	6
VERG-aene.1.322	correct		8	14	1
VERG-aene.1.323	correct		2	17	3
VERG-aene.1.324	correct		9	15	2
VERG-aene.1.325	correct		32	15	2
VERG-aene.1.326	correct		24	18	4
VERG-aene.1.327	correct		84	16	4
VERG-aene.1.328	correct		20	15	1
VERG-aene.1.329	correct		6	15	1
VERG-aene.1.330	correct		67	16	4
VERG-aene.1.331	correct		7	15	1
VERG-aene.1.333	correct		11	14	1
VERG-aene.1.334	correct		152	17	5
VERG-aene.1.335	correct		9	16	1
VERG-aene.1.336	correct		26	15	2
VERG-aene.1.337	correct		16	15	2
VERG-aene.1.338	correct		21	17	2
VERG-aene.1.339	correct		7	15	1
VERG-aene.1.340	correct		25	16	2
VERG-aene.1.341	correct		171	17	5
VERG-aene.1.342	correct		10	14	1
VERG-aene.1.343	correct		92	17	5
VERG-aene.1.344	correct		6	17	3
VERG-aene.1.345	correct		14	16	2
VERG-aene.1.346	correct		2	15	0
VERG-aene.1.347	correct		125	18	5
VERG-aene.1.348	correct		21	16	3
VERG-aene.1.349	correct		54	18	5
VERG-aene.1.350	correct		9	16	2
VERG-aene.1.351	correct		158	17	6
VERG-aene.1.352	correct		10	15	0
VERG-aene.1.353	correct		11	15	1
VERG-aene.1.354	correct		1	16	1
VERG-aene.1.355	correct		4	14	0
VERG-aene.1.356	correct		24	17	3
VERG-aene.1.357	correct		10	18	4
VERG-aene.1.358	correct		146	17	6
VERG-aene.1.359	correct		2	16	3
VERG-aene.1.360	correct		10	15	1
VERG-aene.1.361	correct		36	18	4
VERG-aene.1.362	correct		41	19	5
VERG-aene.1.363	correct		12	18	5
VERG-aene.1.364	correct		15	16	1
VERG-aene.1.365	correct		25	16	3
VERG-aene.1.366	correct		18	18	5
VERG-aene.1.367	correct		6	14	0
VERG-aene.1.368	correct		3	14	1
VERG-aene.1.369	correct		14	15	1
VERG-aene.1.370	correct		19	17	3
VERG-aene.1.371	correct		18	14	1
VERG-aene.1.372	correct		15	16	1
VERG-aene.1.373	correct		36	16	3
VERG-aene.1.374	correct		17	15	2
VERG-aene.1.375	correct		95	15	4
VERG-aene.1.376	correct		102	17	5
VERG-aene.1.377	correct		8	15	1
VERG-aene.1.378	correct		98	16	4
VERG-aene.1.379	correct		41	16	2
VERG-aene.1.380	correct		406	19	7
VERG-aene.1.381	correct		26	16	4
VERG-aene.1.382	gold_unreachable	elision_mismatch	122	15	4
VERG-aene.1.383	no_candidates	vowel_chain	0	17	4
VERG-aene.1.384	correct		34	17	4
VERG-aene.1.385	correct		86	17	4
VERG-aene.1.386	correct		16	16	2
VERG-aene.1.387	correct		37	19	5
VERG-aene.1.388	correct		75	16	3
VERG-aene.1.389	gold_unreachable	open_syllable_length	20	18	4
VERG-aene.1.390	correct		5	16	1
VERG-aene.1.391	correct		64	16	3
VERG-aene.1.392	correct		600	17	6
VERG-aene.1.393	correct		6	15	1
VERG-aene.1.394	correct		87	18	5
VERG-aene.1.395	correct		5	14	1
VERG-aene.1.396	correct		47	17	4
VERG-aene.1.397	correct		2	14	0
VERG-aene.1.398	correct		2	15	1
VERG-aene.1.399	correct		55	17	4
VERG-aene.1.400	correct		72	17	4
VERG-aene.1.401	gold_unreachable	elision_mismatch	19	15	1
VERG-aene.1.402	correct		54	17	4
VERG-aene.1.403	correct		848	19	8
VERG-aene.1.404	correct		17	15	2
VERG-aene.1.405	correct		236	17	6
VERG-aene.1.406	correct		65	16	4
VERG-aene.1.407	correct		15	14	1
VERG-aene.1.408	correct		82	16	4
VERG-aene.1.409	correct		77	16	3
VERG-aene.1.410	correct		37	16	3
VERG-aene.1.411	correct		24	16	3
VERG-aene.1.412	correct		6	16	2
VERG-aene.1.413	correct		9	16	2
VERG-aene.1.414	correct		193	19	6
VERG-aene.1.415	correct		41	16	3
VERG-aene.1.416	correct		78	18	6
VERG-aene.1.417	correct		3	16	1
VERG-aene.1.418	correct		294	16	5
VERG-aene.1.419	correct		8	14	1
VERG-aene.1.420	correct		12	16	2
VERG-aene.1.421	correct		124	15	4
VERG-aene.1.422	correct		43	14	2
VERG-aene.1.423	correct		6	14	1
VERG-aene.1.424	correct		73	18	4
VERG-aene.1.425	correct		6	15	2
VERG-aene.1.426	correct		5	15	1
VERG-aene.1.427	correct		80	16	5
VERG-aene.1.428	correct		8	16	2
VERG-aene.1.429	correct		2	17	2
VERG-aene.1.430	correct		50	17	4
VERG-aene.1.431	correct		4	14	0
VERG-aene.1.432	correct		11	14	2
VERG-aene.1.433	correct		2	13	0
VERG-aene.1.434	correct		8	20	6
VERG-aene.1.435	correct		46	16	3
VERG-aene.1.436	correct		6	17	3
VERG-aene.1.437	correct		33	14	3
VERG-aene.1.438	correct		126	16	4
VERG-aene.1.439	correct		4	15	1
VERG-aene.1.440	correct		30	16	2
VERG-aene.1.441	correct		51	18	5
VERG-aene.1.442	correct		39	15	3
VERG-aene.1.443	correct		28	14	2
VERG-aene.1.444	correct		32	15	2
VERG-aene.1.445	correct		160	17	5
VERG-aene.1.446	correct		86	14	4
VERG-aene.1.447	correct		91	17	4
VERG-aene.1.449	correct		21	16	2
VERG-aene.1.450	correct		130	16	4
VERG-aene.1.451	correct		147	16	4
VERG-aene.1.452	correct		5	16	2
VERG-aene.1.453	correct		12	14	2
VERG-aene.1.454	correct		26	16	3
VERG-aene.1.455	correct		1	17	1
VERG-aene.1.456	correct		14	15	1
VERG-aene.1.457	correct		37	14	2
VERG-aene.1.458	correct		624	18	7
VERG-aene.1.459	correct		2	16	1
VERG-aene.1.460	correct		92	16	4
VERG-aene.1.461	correct		366	18	6
VERG-aene.1.462	correct		25	16	4
VERG-aene.1.463	correct		1	19	2
VERG-aene.1.464	correct		15	16	2
VERG-aene.1.465	correct		12	15	2
VERG-aene.1.466	correct		5	15	1
VERG-aene.1.467	correct		128	16	4
VERG-aene.1.468	correct		4	14	0
VERG-aene.1.469	correct		124	16	5
VERG-aene.1.470	correct		27	15	2
VERG-aene.1.471	correct		36	14	3
VERG-aene.1.472	correct		84	16	5
VERG-aene.1.473	correct		3	15	1
VERG-aene.1.474	correct		121	16	4
VERG-aene.1.475	correct		19	15	3
VERG-aene.1.476	correct		2	17	2
VERG-aene.1.477	correct		7	19	3
VERG-aene.1.478	correct		15	15	3
VERG-aene.1.479	correct		112	17	5
VERG-aene.1.480	correct		15	15	2
VERG-aene.1.481	correct		16	15	2
VERG-aene.1.482	correct		41	17	4
VERG-aene.1.483	correct		25	17	4
VERG-aene.1.484	correct		2	16	2
VERG-aene.1.485	correct		29	16	3
VERG-aene.1.486	correct		20	16	3
VERG-aene.1.487	correct		4	15	1
VERG-aene.1.488	correct		24	18	5
VERG-aene.1.489	correct		170	15	5
VERG-aene.1.490	correct		5	15	0
VERG-aene.1.491	correct		45	17	3
VERG-aene.1.492	correct		6	17	4
VERG-aene.1.493	correct		81	15	4
VERG-aene.1.494	correct		498	18	7
VERG-aene.1.495	correct		16	16	2
VERG-aene.1.496	correct		13	14	2
VERG-aene.1.497	correct		27	16	4
VERG-aene.1.498	correct		32	17	3
VERG-aene.1.499	correct		11	15	2
VERG-aene.1.500	correct		6	17	3
VERG-aene.1.501	correct		12	17	2
VERG-aene.1.502	correct		6	16	3
VERG-aene.1.503	correct		17	15	1
VERG-aene.1.504	correct		5	15	1
VERG-aene.1.505	correct		224	17	5
VERG-aene.1.506	correct		8	17	4
VERG-aene.1.507	correct		16	16	1
VERG-aene.1.508	correct		21	16	2
VERG-aene.1.509	correct		18	17	4
VERG-aene.1.510	correct		35	15	3
VERG-aene.1.511	correct		263	17	5
VERG-aene.1.512	correct		71	18	4
VERG-aene.1.513	correct		3	16	1
VERG-aene.1.514	correct		280	20	7
VERG-aene.1.515	correct		3	14	0
VERG-aene.1.516	correct		13	17	2
VERG-aene.1.517	correct		14	15	2
VERG-aene.1.518	correct		16	15	3
VERG-aene.1.519	correct		48	15	3
VERG-aene.1.520	correct		185	16	5
VERG-aene.1.521	correct		11	18	3
VERG-aene.1.522	correct		63	17	4
VERG-aene.1.523	correct		7	15	1
VERG-aene.1.524	correct		640	16	6
VERG-aene.1.525	correct		40	16	3
VERG-aene.1.526	correct		154	17	4
VERG-aene.1.527	correct		8	16	1
VERG-aene.1.528	correct		16	17	3
VERG-aene.1.529	correct		132	16	4
VERG-aene.1.530	correct		20	15	2
VERG-aene.1.531	correct		1	17	3
VERG-aene.1.532	correct		59	16	4
VERG-aene.1.533	correct		9	15	1
VERG-aene.1.535	correct		5	15	2
VERG-aene.1.536	correct		2	19	3
VERG-aene.1.537	correct		5	17	2
VERG-aene.1.538	correct		116	16	5
VERG-aene.1.539	correct		18	18	4
VERG-aene.1.540	correct		30	18	5
VERG-aene.1.541	correct		10	15	2
VERG-aene.1.542	correct		13	16	2
VERG-aene.1.543	correct		18	16	2
VERG-aene.1.544	correct		122	15	4
VERG-aene.1.545	correct		24	15	2
VERG-aene.1.546	correct		165	16	4
VERG-aene.1.547	correct		56	18	4
VERG-aene.1.548	correct		11	15	2
VERG-aene.1.549	correct		56	17	3
VERG-aene.1.550	correct		11	16	1
VERG-aene.1.551	correct		18	14	2
VERG-aene.1.552	correct		5	15	1
VERG-aene.1.553	correct		35	16	2
VERG-aene.1.554	correct		70	18	4
VERG-aene.1.555	correct		6	16	2
VERG-aene.1.556	correct		31	15	2
VERG-aene.1.557	correct		18	16	2
VERG-aene.1.558	correct		23	16	2
VERG-aene.1.559	correct		4	17	2
VERG-aene.1.561	correct		33	15	3
VERG-aene.1.562	gold_unreachable	elision_mismatch	4	17	4
VERG-aene.1.563	correct		99	16	4
VERG-aene.1.564	correct		36	14	2
VERG-aene.1.565	correct		80	17	4
VERG-aene.1.566	correct		89	17	5
VERG-aene.1.567	correct		27	16	3
VERG-aene.1.568	correct		63	17	4
VERG-aene.1.569	correct		328	17	6
VERG-aene.1.570	correct		94	17	4
VERG-aene.1.571	correct		302	18	6
VERG-aene.1.572	correct		4	15	0
VERG-aene.1.573	correct		402	16	6
VERG-aene.1.574	correct		31	16	3
VERG-aene.1.575	correct		8	16	2
VERG-aene.1.576	correct		29	16	2
VERG-aene.1.577	correct		464	17	7
VERG-aene.1.578	correct		6	16	2
VERG-aene.1.579	gold_unreachable	elision_mismatch	3	15	1
VERG-aene.1.580	correct		30	16	3
VERG-aene.1.581	correct		17	15	3
VERG-aene.1.582	correct		17	16	3
VERG-aene.1.583	correct		49	16	3
VERG-aene.1.584	correct		38	16	3
VERG-aene.1.585	correct		2	13	1
VERG-aene.1.586	correct		7	15	1
VERG-aene.1.587	correct		8	16	1
VERG-aene.1.588	correct		89	16	3
VERG-aene.1.589	correct		7	17	2
VERG-aene.1.590	correct		647	18	7
VERG-aene.1.591	correct		4	17	3
VERG-aene.1.592	correct		4	18	3
VERG-aene.1.593	correct		6	17	3
VERG-aene.1.594	correct		19	15	2
VERG-aene.1.595	correct		194	16	5
VERG-aene.1.596	correct		21	15	2
VERG-aene.1.597	correct		8	16	2
VERG-aene.1.598	gold_unreachable	elision_mismatch	22	16	3
VERG-aene.1.599	correct		24	17	3
VERG-aene.1.600	correct		18	16	2
VERG-aene.1.601	correct		31	16	3
VERG-aene.1.602	correct		9	16	3
VERG-aene.1.603	correct		7	15	1
VERG-aene.1.604	correct		216	17	5
VERG-aene.1.605	correct		18	18	4
VERG-aene.1.606	correct		18	16	2
VERG-aene.1.607	correct		7	16	3
VERG-aene.1.608	correct		12	15	2
VERG-aene.1.609	correct		25	16	2
VERG-aene.1.610	correct		18	16	3
VERG-aene.1.611	correct		347	17	6
VERG-aene.1.612	correct		22	15	3
VERG-aene.1.613	correct		59	15	3
VERG-aene.1.614	correct		114	17	4
VERG-aene.1.615	correct		11	15	1
VERG-aene.1.616	correct		24	16	3
VERG-aene.1.617	correct		346	17	7
VERG-aene.1.618	correct		30	17	3
VERG-aene.1.619	correct		78	17	4
VERG-aene.1.620	correct		21	17	4
VERG-aene.1.621	correct		25	16	2
VERG-aene.1.622	correct		56	15	3
VERG-aene.1.623	correct		18	16	2
VERG-aene.1.624	correct		30	15	2
VERG-aene.1.625	correct		31	16	4
VERG-aene.1.626	correct		75	17	6
VERG-aene.1.627	correct		34	18	5
VERG-aene.1.628	correct		1	15	0
VERG-aene.1.629	correct		67	15	3
VERG-aene.1.630	correct		1	15	0
VERG-aene.1.631	correct		56	16	3
VERG-aene.1.632	correct		30	15	3
VERG-aene.1.633	correct		25	16	2
VERG-aene.1.634	correct		4	15	3
VERG-aene.1.635	correct		10	14	2
VERG-aene.1.637	correct		10	15	1
VERG-aene.1.638	correct		28	16	3
VERG-aene.1.639	correct		71	15	3
VERG-aene.1.640	correct		2	16	3
VERG-aene.1.641	correct		10	16	3
VERG-aene.1.642	correct		9	17	3
VERG-aene.1.643	correct		109	17	5
VERG-aene.1.644	correct		32	18	4
VERG-aene.1.645	correct		71	18	5
VERG-aene.1.646	correct		20	15	1
VERG-aene.1.647	correct		120	18	5
VERG-aene.1.648	correct		10	15	2
VERG-aene.1.649	correct		18	14	2
VERG-aene.1.650	correct		88	18	5
VERG-aene.1.651	correct		5	17	3
VERG-aene.1.652	correct		25	15	2
VERG-aene.1.653	correct		200	17	5
VERG-aene.1.654	correct		10	15	1
VERG-aene.1.655	correct		6	16	3
VERG-aene.1.656	correct		17	17	3
VERG-aene.1.657	correct		225	18	6
VERG-aene.1.658	correct		72	17	3
VERG-aene.1.659	correct		160	16	4
VERG-aene.1.660	correct		6	16	3
VERG-aene.1.661	gold_unreachable	elision_mismatch	8	16	1
VERG-aene.1.662	correct		27	15	2
VERG-aene.1.663	correct		5	15	1
VERG-aene.1.664	correct		142	17	5
VERG-aene.1.665	gold_unreachable	elision_mismatch	9	14	1
VERG-aene.1.666	correct		70	16	4
VERG-aene.1.667	correct		63	17	4
VERG-aene.1.668	correct		50	16	3
VERG-aene.1.669	correct		63	17	4
VERG-aene.1.670	correct		6	15	1
VERG-aene.1.671	correct		254	15	4
VERG-aene.1.672	correct		22	16	3
VERG-aene.1.673	correct		2	16	1
VERG-aene.1.674	correct		10	14	0
VERG-aene.1.675	correct		121	17	5
VERG-aene.1.676	correct		18	15	2
VERG-aene.1.677	correct		13	15	1
VERG-aene.1.678	correct		41	17	3
VERG-aene.1.679	correct		15	17	3
VERG-aene.1.680	correct		4	15	0
VERG-aene.1.681	correct		54	16	3
VERG-aene.1.682	correct		22	17	3
VERG-aene.1.683	correct		116	15	5
VERG-aene.1.684	correct		314	17	5
VERG-aene.1.685	correct		60	17	4
VERG-aene.1.686	correct		25	15	3
VERG-aene.1.687	correct		4	16	3
VERG-aene.1.688	correct		5	14	2
VERG-aene.1.689	correct		3	16	2
VERG-aene.1.690	correct		9	14	2
VERG-aene.1.691	gold_unreachable	elision_mismatch	20	15	2
VERG-aene.1.692	correct		25	16	2
VERG-aene.1.693	correct		11	17	2
VERG-aene.1.694	correct		14	15	3
VERG-aene.1.695	correct		16	14	1
VERG-aene.1.696	correct		25	17	3
VERG-aene.1.697	correct		155	16	4
VERG-aene.1.698	correct		155	18	6
VERG-aene.1.699	correct		278	16	5
VERG-aene.1.700	correct		30	16	3
VERG-aene.1.701	correct		2	16	1
VERG-aene.1.702	correct		24	15	3
VERG-aene.1.703	correct		1	17	2
VERG-aene.1.704	correct		5	17	2
VERG-aene.1.705	correct		34	19	5
VERG-aene.1.706	correct		4	15	0
VERG-aene.1.707	correct		29	16	2
VERG-aene.1.708	correct		8	15	1
VERG-aene.1.709	gold_unreachable	elision_mismatch	41	15	4
VERG-aene.1.710	correct		58	15	4
VERG-aene.1.711	correct		94	15	3
VERG-aene.1.712	correct		298	18	6
VERG-aene.1.713	correct		16	14	2
VERG-aene.1.714	correct		112	18	5
VERG-aene.1.715	correct		42	18	6
VERG-aene.1.716	correct		26	16	4
VERG-aene.1.717	correct		11	17	2
VERG-aene.1.718	correct		41	18	5
VERG-aene.1.719	correct		14	16	2
VERG-aene.1.720	correct		176	20	7
VERG-aene.1.721	correct		71	17	5
VERG-aene.1.722	correct		15	16	1
VERG-aene.1.723	gold_unreachable	elision_mismatch	12	16	2
VERG-aene.1.724	correct		11	14	1
VERG-aene.1.725	correct		23	15	2
VERG-aene.1.726	correct		52	17	5
VERG-aene.1.727	correct		28	14	3
VERG-aene.1.728	correct		22	16	3
VERG-aene.1.729	correct		58	16	3
VERG-aene.1.730	correct		8	15	1
VERG-aene.1.731	correct		14	16	1
VERG-aene.1.732	correct		55	16	3
VERG-aene.1.733	correct		64	16	3
VERG-aene.1.734	correct		35	17	4
VERG-aene.1.735	correct		135	17	5
VERG-aene.1.736	correct		14	16	2
VERG-aene.1.737	correct		4	15	0
VERG-aene.1.738	correct		13	19	5
VERG-aene.1.739	gold_unreachable	other	25	16	3
VERG-aene.1.740	gold_unreachable	elision_mismatch	20	15	1
VERG-aene.1.741	correct		42	16	3
VERG-aene.1.742	correct		6	14	0
VERG-aene.1.743	correct		1	18	2
VERG-aene.1.744	correct		153	17	4
VERG-aene.1.745	correct		5	16	2
VERG-aene.1.746	correct		9	15	2
VERG-aene.1.747	correct		45	16	3
VERG-aene.1.748	correct		6	14	1
VERG-aene.1.749	correct		7	14	0
VERG-aene.1.750	correct		4	17	1
VERG-aene.1.751	correct		77	16	4
VERG-aene.1.752	correct		10	15	1
VERG-aene.1.753	correct		34	17	2
VERG-aene.1.754	correct		36	15	3
VERG-aene.1.755	correct		26	14	2
VERG-aene.1.756	correct		1	15	1
VERG-aene.2.1	correct		21	16	3
VERG-aene.2.2	correct		19	16	2
VERG-aene.2.3	correct		40	16	3
VERG-aene.2.4	correct		6	14	0
VERG-aene.2.5	correct		60	18	5
VERG-aene.2.6	correct		14	14	2
VERG-aene.2.7	gold_unreachable	open_syllable_length	26	18	3
VERG-aene.2.8	correct		20	16	2
VERG-aene.2.9	correct		12	18	3
VERG-aene.2.10	correct		6	14	1
VERG-aene.2.11	correct		126	18	6
VERG-aene.2.12	correct		1	17	2
VERG-aene.2.13	correct		5	14	1
VERG-aene.2.14	correct		11	14	1
VERG-aene.2.15	correct		12	15	2
VERG-aene.2.16	correct		3	17	3
VERG-aene.2.17	correct		40	16	2
VERG-aene.2.18	correct		6	14	1
VERG-aene.2.19	correct		18	17	4
VERG-aene.2.20	correct		14	15	2
VERG-aene.2.21	correct		2	14	0
VERG-aene.2.22	correct		41	17	3
VERG-aene.2.23	correct		5	16	1
VERG-aene.2.24	correct		37	15	3
VERG-aene.2.25	correct		15	17	3
VERG-aene.2.26	correct		68	16	5
VERG-aene.2.27	correct		148	17	6
VERG-aene.2.28	correct		14	15	1
VERG-aene.2.29	correct		17	17	3
VERG-aene.2.30	correct		5	16	1
VERG-aene.2.31	correct		15	19	5
VERG-aene.2.32	correct		10	15	1
VERG-aene.2.33	correct		18	15	2
VERG-aene.2.34	correct		234	17	5
VERG-aene.2.35	correct		16	15	2
VERG-aene.2.36	correct		19	18	4
VERG-aene.2.37	correct		24	18	4
VERG-aene.2.38	correct		20	19	6
VERG-aene.2.39	correct		260	16	5
VERG-aene.2.40	correct		1	18	3
VERG-aene.2.41	correct		7	14	2
VERG-aene.2.42	correct		52	18	5
VERG-aene.2.43	correct		24	16	3
VERG-aene.2.44	correct		15	16	1
VERG-aene.2.45	correct		60	16	5
VERG-aene.2.46	correct		34	17	5
VERG-aene.2.47	correct		1	15	0
VERG-aene.2.48	correct		8	18	3
VERG-aene.2.49	correct		25	16	2
VERG-aene.2.50	correct		13	14	1
VERG-aene.2.51	correct		6	17	2
VERG-aene.2.52	correct		1	16	0
VERG-aene.2.53	correct		74	21	7
VERG-aene.2.54	correct		121	16	5
VERG-aene.2.55	correct		4	17	3
VERG-aene.2.56	correct		15	16	2
VERG-aene.2.57	correct		21	19	6
VERG-aene.2.58	correct		18	14	1
VERG-aene.2.59	correct		136	17	5
VERG-aene.2.60	correct		147	18	5
VERG-aene.2.61	correct		5	18	3
VERG-aene.2.62	no_candidates	vowel_chain	0	18	5
VERG-aene.2.63	correct		237	16	5
VERG-aene.2.64	correct		5	15	2
VERG-aene.2.65	correct		33	18	4
VERG-aene.2.67	correct		17	16	3
VERG-aene.2.68	correct		4	18	3
VERG-aene.2.69	correct		4	18	5
VERG-aene.2.70	correct		8	18	2
VERG-aene.2.71	correct		9	18	3
VERG-aene.2.72	gold_unreachable	elision_mismatch	6	17	3
VERG-aene.2.73	correct		15	17	3
VERG-aene.2.74	correct		5	14	0
VERG-aene.2.75	correct		42	17	3
VERG-aene.2.76	correct		6	16	2
VERG-aene.2.77	correct		7	17	2
VERG-aene.2.78	correct		2	17	2
VERG-aene.2.79	correct		6	14	0
VERG-aene.2.80	correct		110	16	4
VERG-aene.2.81	correct		65	18	4
VERG-aene.2.82	correct		16	16	2
VERG-aene.2.83	correct		21	15	2
VERG-aene.2.84	gold_unreachable	elision_mismatch	6	16	4
VERG-aene.2.85	correct		5	14	0
VERG-aene.2.86	gold_unreachable	other	3	16	1
VERG-aene.2.87	correct		8	16	1
VERG-aene.2.88	correct		31	15	2
VERG-aene.2.89	correct		20	15	1
VERG-aene.2.90	correct		2	16	2
VERG-aene.2.91	correct		1	16	1
VERG-aene.2.92	correct		3	15	2
VERG-aene.2.93	correct		9	15	2
VERG-aene.2.94	correct		9	14	1
VERG-aene.2.95	correct		38	15	4
VERG-aene.2.96	correct		210	18	6
VERG-aene.2.97	correct		4	15	0
VERG-aene.2.98	correct		14	16	3
VERG-aene.2.99	correct		14	16	3
VERG-aene.2.100	gold_unreachable	elision_mismatch	20	15	3
VERG-aene.2.101	correct		371	20	8
VERG-aene.2.102	correct		72	20	6
VERG-aene.2.103	correct		13	17	3
VERG-aene.2.104	correct		1	16	2
VERG-aene.2.105	correct		354	17	5
VERG-aene.2.106	correct		13	16	2
VERG-aene.2.107	correct		9	16	2
VERG-aene.2.108	correct		56	17	3
VERG-aene.2.109	correct		9	14	1
VERG-aene.2.110	correct		4	17	3
VERG-aene.2.111	correct		84	16	5
VERG-aene.2.112	correct		69	17	4
VERG-aene.2.113	correct		29	16	2
VERG-aene.2.114	correct		15	18	4
VERG-aene.2.115	correct		28	18	3
VERG-aene.2.116	correct		6	15	1
VERG-aene.2.117	correct		280	16	4
VERG-aene.2.118	correct		1	17	1
VERG-aene.2.119	correct		34	16	3
VERG-aene.2.120	correct		8	18	2
VERG-aene.2.121	correct		4	16	1
VERG-aene.2.122	correct		3	14	0
VERG-aene.2.123	correct		298	18	6
VERG-aene.2.124	correct		13	15	1
VERG-aene.2.125	correct		15	16	2
VERG-aene.2.126	correct		6	15	1
VERG-aene.2.127	correct		29	17	4
VERG-aene.2.128	correct		3	14	0
VERG-aene.2.129	correct		41	16	2
VERG-aene.2.130	correct		4	16	2
VERG-aene.2.131	correct		44	18	4
VERG-aene.2.132	correct		13	17	3
VERG-aene.2.133	correct		12	15	3
VERG-aene.2.134	correct		57	16	3
VERG-aene.2.135	correct		8	16	2
VERG-aene.2.136	correct		15	15	2
VERG-aene.2.137	correct		174	16	5
VERG-aene.2.138	correct		3	13	0
VERG-aene.2.139	correct		15	14	2
VERG-aene.2.140	correct		16	17	4
VERG-aene.2.141	correct		31	15	2
VERG-aene.2.142	correct		6	16	2
VERG-aene.2.143	correct		5	16	0
VERG-aene.2.144	correct		15	16	1
VERG-aene.2.145	correct		12	16	2
VERG-aene.2.146	correct		53	17	4
VERG-aene.2.147	correct		108	17	4
VERG-aene.2.148	correct		27	16	4
VERG-aene.2.149	no_candidates	vowel_chain	0	18	3
VERG-aene.2.150	correct		17	17	3
VERG-aene.2.151	correct		16	20	6
VERG-aene.2.152	correct		3	16	1
VERG-aene.2.153	correct		11	14	1
VERG-aene.2.154	gold_unreachable	elision_mismatch	70	15	4
VERG-aene.2.155	correct		37	16	3
VERG-aene.2.156	correct		100	15	4
VERG-aene.2.157	correct		61	16	3
VERG-aene.2.158	correct		13	17	4
VERG-aene.2.159	correct		54	17	4
VERG-aene.2.160	correct		21	17	3
VERG-aene.2.161	correct		21	15	1
VERG-aene.2.162	correct		98	16	4
VERG-aene.2.163	correct		7	17	3
VERG-aene.2.164	correct		21	17	2
VERG-aene.2.165	correct		542	16	7
VERG-aene.2.166	correct		23	16	3
VERG-aene.2.167	correct		74	18	5
VERG-aene.2.168	correct		234	17	6
VERG-aene.2.169	correct		52	15	4
VERG-aene.2.170	correct		264	17	7
VERG-aene.2.171	correct		88	16	4
VERG-aene.2.172	correct		13	17	4
VERG-aene.2.173	no_candidates	vowel_chain	0	16	2
VERG-aene.2.174	correct		18	15	1
VERG-aene.2.175	correct		11	15	1
VERG-aene.2.176	correct		5	16	2
VERG-aene.2.177	correct		1	15	1
VERG-aene.2.178	correct		5	15	0
VERG-aene.2.179	correct		103	18	5
VERG-aene.2.180	correct		15	15	3
VERG-aene.2.181	correct		3	17	1
VERG-aene.2.182	correct		58	18	4
VERG-aene.2.183	correct		15	16	2
VERG-aene.2.184	correct		96	17	4
VERG-aene.2.185	correct		1	14	0
VERG-aene.2.186	correct		31	16	3
VERG-aene.2.187	correct		56	17	4
VERG-aene.2.188	correct		75	17	4
VERG-aene.2.189	gold_unreachable	other	38	16	4
VERG-aene.2.190	correct		30	16	3
VERG-aene.2.191	correct		8	18	4
VERG-aene.2.192	correct		27	15	3
VERG-aene.2.193	correct		652	18	7
VERG-aene.2.194	correct		54	16	3
VERG-aene.2.195	correct		42	17	3
VERG-aene.2.196	correct		6	16	2
VERG-aene.2.197	correct		32	15	2
VERG-aene.2.198	correct		8	16	2
VERG-aene.2.199	correct		10	15	1
VERG-aene.2.200	correct		20	18	4
VERG-aene.2.201	correct		7	14	2
VERG-aene.2.202	correct		1	15	2
VERG-aene.2.203	correct		2	18	3
VERG-aene.2.204	correct		3	14	0
VERG-aene.2.205	correct		6	16	1
VERG-aene.2.206	correct		4	16	3
VERG-aene.2.207	correct		18	16	2
VERG-aene.2.208	correct		25	17	3
VERG-aene.2.209	correct		6	17	3
VERG-aene.2.210	correct		1	16	2
VERG-aene.2.211	correct		5	14	1
VERG-aene.2.212	correct		4	16	2
VERG-aene.2.213	correct		80	16	4
VERG-aene.2.214	correct		7	14	1
VERG-aene.2.215	correct		10	15	1
VERG-aene.2.216	correct		41	18	5
VERG-aene.2.217	correct		6	15	1
VERG-aene.2.218	correct		80	15	4
VERG-aene.2.219	correct		5	18	2
VERG-aene.2.220	correct		13	16	2
VERG-aene.2.221	correct		110	14	4
VERG-aene.2.222	correct		5	14	0
VERG-aene.2.223	correct		20	14	2
VERG-aene.2.224	correct		6	17	3
VERG-aene.2.225	correct		16	15	2
VERG-aene.2.226	correct		48	18	5
VERG-aene.2.227	correct		15	18	3
VERG-aene.2.228	correct		44	16	3
VERG-aene.2.229	correct		14	17	3
VERG-aene.2.230	correct		26	15	3
VERG-aene.2.231	correct		1	17	2
VERG-aene.2.232	correct		130	18	6
VERG-aene.2.234	correct		59	17	4
VERG-aene.2.235	correct		1	15	0
VERG-aene.2.236	correct		26	15	3
VERG-aene.2.237	correct		3	13	0
VERG-aene.2.238	correct		24	18	6
VERG-aene.2.239	correct		8	16	2
VERG-aene.2.240	correct		6	17	2
VERG-aene.2.241	correct		1016	19	8
VERG-aene.2.242	correct		12	19	4
VERG-aene.2.243	correct		1	18	1
VERG-aene.2.244	correct		4	16	1
VERG-aene.2.245	correct		44	14	3
VERG-aene.2.246	correct		20	15	2
VERG-aene.2.247	correct		58	15	4
VERG-aene.2.248	correct		15	16	2
VERG-aene.2.249	correct		24	14	2
VERG-aene.2.250	correct		96	18	5
VERG-aene.2.251	correct		14	15	3
VERG-aene.2.252	correct		84	17	4
VERG-aene.2.253	correct		12	15	2
VERG-aene.2.254	correct		68	17	6
VERG-aene.2.255	correct		3	19	3
VERG-aene.2.256	correct		9	15	1
VERG-aene.2.257	correct		14	15	1
VERG-aene.2.258	correct		70	15	3
VERG-aene.2.259	correct		4	17	3
VERG-aene.2.260	correct		32	17	3
VERG-aene.2.261	correct		8	15	1
VERG-aene.2.262	correct		11	15	2
VERG-aene.2.263	correct		23	15	2
VERG-aene.2.264	correct		10	17	3
VERG-aene.2.265	correct		16	14	2
VERG-aene.2.266	correct		1	16	1
VERG-aene.2.267	correct		60	17	5
VERG-aene.2.268	gold_unreachable	elision_mismatch	10	15	2
VERG-aene.2.269	correct		25	15	2
VERG-aene.2.270	correct		2	17	3
VERG-aene.2.271	correct		1	16	1
VERG-aene.2.272	correct		25	14	2
VERG-aene.2.273	correct		8	16	1
VERG-aene.2.274	correct		8	16	1
VERG-aene.2.275	correct		3	16	1
VERG-aene.2.276	correct		15	16	2
VERG-aene.2.277	correct		9	14	2
VERG-aene.2.278	correct		4	17	2
VERG-aene.2.279	correct		78	14	4
VERG-aene.2.280	correct		117	16	5
VERG-aene.2.281	correct		36	16	4
VERG-aene.2.282	correct		5	19	4
VERG-aene.2.283	correct		14	14	2
VERG-aene.2.284	correct		6	17	2
VERG-aene.2.285	correct		2	18	4
VERG-aene.2.286	correct		88	17	5
VERG-aene.2.287	correct		31	15	2
VERG-aene.2.288	correct		21	16	2
VERG-aene.2.289	correct		82	18	4
VERG-aene.2.290	correct		18	16	2
VERG-aene.2.291	correct		102	17	5
VERG-aene.2.292	correct		20	15	3
VERG-aene.2.293	correct		14	15	2
VERG-aene.2.294	correct		42	17	3
VERG-aene.2.295	correct		18	16	2
VERG-aene.2.296	correct		11	15	1
VERG-aene.2.297	correct		1	17	3
VERG-aene.2.298	correct		115	17	6
VERG-aene.2.299	correct		5	15	1
VERG-aene.2.300	correct		2	17	2
VERG-aene.2.301	correct		17	15	3
VERG-aene.2.302	correct		36	15	3
VERG-aene.2.303	correct		2	17	3
VERG-aene.2.304	correct		6	17	3
VERG-aene.2.305	correct		7	16	1
VERG-aene.2.306	correct		4	17	3
VERG-aene.2.307	correct		12	18	3
VERG-aene.2.308	correct		15	15	2
VERG-aene.2.309	correct		50	16	2
VERG-aene.2.310	correct		444	17	6
VERG-aene.2.311	correct		4	15	0
VERG-aene.2.312	correct		22	16	2
VERG-aene.2.313	correct		12	15	1
VERG-aene.2.314	correct		105	16	3
VERG-aene.2.315	correct		1	17	2
VERG-aene.2.316	correct		8	16	1
VERG-aene.2.317	correct		1	16	1
VERG-aene.2.318	correct		56	16	4
VERG-aene.2.319	correct		8	15	2
VERG-aene.2.320	correct		80	16	4
VERG-aene.2.321	correct		14	15	1
VERG-aene.2.322	correct		2	14	0
VERG-aene.2.323	correct		35	16	2
VERG-aene.2.324	correct		4	15	1
VERG-aene.2.325	correct		792	18	7
VERG-aene.2.326	correct		84	17	5
VERG-aene.2.327	correct		4	16	1
VERG-aene.2.328	correct		38	16	3
VERG-aene.2.329	correct		2	15	1
VERG-aene.2.330	correct		3	15	1
VERG-aene.2.331	correct		16	14	2
VERG-aene.2.332	correct		65	14	3
VERG-aene.2.333	correct		39	16	3
VERG-aene.2.334	correct		77	16	3
VERG-aene.2.335	correct		28	15	2
VERG-aene.2.336	correct		42	17	4
VERG-aene.2.337	correct		3	15	0
VERG-aene.2.338	correct		6	17	2
VERG-aene.2.339	correct		11	15	2
VERG-aene.2.340	correct		27	16	2
VERG-aene.2.341	correct		222	19	7
VERG-aene.2.342	correct		7	14	1
VERG-aene.2.343	gold_unreachable	elision_mismatch	10	16	3
VERG-aene.2.344	correct		10	18	3
VERG-aene.2.345	correct		14	15	2
VERG-aene.2.347	correct		102	17	5
VERG-aene.2.348	correct		42	17	4
VERG-aene.2.349	correct		110	16	4
VERG-aene.2.350	correct		19	15	2
VERG-aene.2.351	correct		5	15	1
VERG-aene.2.352	correct		4	17	2
VERG-aene.2.353	correct		44	18	5
VERG-aene.2.354	correct		3	14	0
VERG-aene.2.355	correct		5	19	3
VERG-aene.2.356	correct		456	15	5
VERG-aene.2.357	correct		29	16	2
VERG-aene.2.358	correct		4	15	1
VERG-aene.2.359	correct		48	19	5
VERG-aene.2.360	correct		60	17	5
VERG-aene.2.361	correct		18	14	2
VERG-aene.2.362	correct		4	17	4
VERG-aene.2.363	correct		5	15	1
VERG-aene.2.364	gold_unreachable	elision_mismatch	16	15	2
VERG-aene.2.365	correct		35	16	2
VERG-aene.2.366	correct		18	16	3
VERG-aene.2.367	correct		258	17	6
VERG-aene.2.368	correct		13	15	1
VERG-aene.2.369	correct		14	17	2
VERG-aene.2.370	correct		12	16	2
VERG-aene.2.371	correct		64	16	4
VERG-aene.2.372	correct		38	15	4
VERG-aene.2.373	correct		43	15	2
VERG-aene.2.374	correct		35	16	3
VERG-aene.2.375	correct		45	16	4
VERG-aene.2.376	correct		16	16	2
VERG-aene.2.377	correct		7	15	1
VERG-aene.2.378	correct		85	15	4
VERG-aene.2.379	correct		180	16	5
VERG-aene.2.380	correct		4	16	0
VERG-aene.2.381	correct		11	16	2
VERG-aene.2.382	correct		25	17	3
VERG-aene.2.383	correct		3	14	1
VERG-aene.2.384	correct		7	15	1
VERG-aene.2.385	correct		4	14	0
VERG-aene.2.386	correct		3	17	3
VERG-aene.2.387	correct		14	15	2
VERG-aene.2.388	correct		56	15	3
VERG-aene.2.389	correct		80	16	4
VERG-aene.2.390	correct		5	15	0
VERG-aene.2.391	correct		7	15	1
VERG-aene.2.392	correct		102	17	5
VERG-aene.2.393	correct		8	18	5
VERG-aene.2.394	correct		39	16	4
VERG-aene.2.395	correct		11	17	2
VERG-aene.2.396	correct		30	16	3
VERG-aene.2.397	correct		35	16	4
VERG-aene.2.398	correct		7	15	1
VERG-aene.2.399	correct		342	17	5
VERG-aene.2.400	correct		1	14	0
VERG-aene.2.401	gold_unreachable	elision_mismatch	3	16	2
VERG-aene.2.402	correct		57	17	4
VERG-aene.2.403	gold_unreachable	elision_mismatch	24	14	2
VERG-aene.2.404	correct		32	18	5
VERG-aene.2.405	correct		12	15	3
VERG-aene.2.406	correct		1	15	0
VERG-aene.2.407	correct		23	17	3
VERG-aene.2.408	correct		72	17	3
VERG-aene.2.409	correct		1	15	1
VERG-aene.2.410	correct		15	14	2
VERG-aene.2.411	correct		24	18	5
VERG-aene.2.412	correct		162	16	4
VERG-aene.2.413	correct		75	18	5
VERG-aene.2.414	correct		15	16	2
VERG-aene.2.415	correct		7	18	4
VERG-aene.2.416	correct		6	15	3
VERG-aene.2.417	correct		51	17	4
VERG-aene.2.418	correct		124	19	6
VERG-aene.2.419	correct		88	18	5
VERG-aene.2.420	correct		46	15	3
VERG-aene.2.421	correct		80	18	4
VERG-aene.2.422	correct		6	14	1
VERG-aene.2.423	correct		26	15	2
VERG-aene.2.424	correct		21	17	3
VERG-aene.2.425	correct		106	18	6
VERG-aene.2.426	correct		7	15	1
VERG-aene.2.427	correct		32	17	5
VERG-aene.2.428	correct		15	16	1
VERG-aene.2.429	correct		50	16	3
VERG-aene.2.430	correct		3	16	1
VERG-aene.2.431	correct		59	16	4
VERG-aene.2.432	correct		29	14	2
VERG-aene.2.433	correct		497	17	6
VERG-aene.2.434	correct		24	17	3
VERG-aene.2.435	correct		223	18	5
VERG-aene.2.436	correct		11	16	2
VERG-aene.2.437	correct		50	15	2
VERG-aene.2.438	correct		6	15	2
VERG-aene.2.439	correct		3	15	0
VERG-aene.2.440	correct		33	17	4
VERG-aene.2.441	correct		7	15	1
VERG-aene.2.442	correct		14	17	3
VERG-aene.2.443	correct		40	16	3
VERG-aene.2.444	correct		34	15	4
VERG-aene.2.445	correct		14	15	2
VERG-aene.2.446	correct		7	16	2
VERG-aene.2.447	correct		30	15	3
VERG-aene.2.448	correct		7	18	2
VERG-aene.2.449	correct		111	16	5
VERG-aene.2.450	correct		14	15	1
VERG-aene.2.451	correct		11	16	2
VERG-aene.2.452	correct		667	19	7
VERG-aene.2.453	correct		8	17	2
VERG-aene.2.454	correct		38	15	2
VERG-aene.2.455	correct		7	14	1
VERG-aene.2.456	correct		11	18	4
VERG-aene.2.457	correct		79	19	5
VERG-aene.2.458	correct		83	16	4
VERG-aene.2.459	correct		22	16	3
VERG-aene.2.460	correct		8	16	3
VERG-aene.2.461	correct		5	14	2
VERG-aene.2.462	correct		278	18	6
VERG-aene.2.463	correct		2	13	1
VERG-aene.2.464	correct		6	16	1
VERG-aene.2.465	correct		10	18	3
VERG-aene.2.466	correct		5	17	1
VERG-aene.2.467	correct		11	16	2
VERG-aene.2.469	gold_unreachable	elision_mismatch	15	17	3
VERG-aene.2.470	correct		10	14	1
VERG-aene.2.471	correct		7	17	1
VERG-aene.2.472	correct		4	15	0
VERG-aene.2.473	correct		186	19	6
VERG-aene.2.474	correct		80	16	4
VERG-aene.2.475	correct		17	16	2
VERG-aene.2.476	correct		1	18	2
VERG-aene.2.477	correct		26	17	3
VERG-aene.2.478	correct		9	14	2
VERG-aene.2.479	correct		7	14	1
VERG-aene.2.480	correct		29	15	2
VERG-aene.2.481	correct		80	18	6
VERG-aene.2.482	correct		12	16	2
VERG-aene.2.483	correct		10	16	2
VERG-aene.2.484	correct		43	17	4
VERG-aene.2.485	correct		12	14	1
VERG-aene.2.486	correct		5	17	1
VERG-aene.2.487	correct		16	18	4
VERG-aene.2.488	correct		8	18	3
VERG-aene.2.489	correct		17	16	4
VERG-aene.2.490	correct		12	16	3
VERG-aene.2.491	correct		59	15	4
VERG-aene.2.492	correct		40	16	3
VERG-aene.2.493	correct		22	15	2
VERG-aene.2.494	gold_unreachable	elision_mismatch	18	14	1
VERG-aene.2.495	correct		36	16	3
VERG-aene.2.496	correct		5	14	1
VERG-aene.2.497	correct		70	17	4
VERG-aene.2.498	correct		1	17	1
VERG-aene.2.499	correct		4	16	1
VERG-aene.2.500	correct		27	19	5
VERG-aene.2.501	correct		9	17	2
VERG-aene.2.502	correct		20	17	4
VERG-aene.2.503	correct		9	15	2
VERG-aene.2.504	correct		26	16	2
VERG-aene.2.505	correct		21	16	2
VERG-aene.2.506	correct		23	17	3
VERG-aene.2.507	correct		26	16	3
VERG-aene.2.508	correct		12	18	4
VERG-aene.2.509	correct		175	19	6
VERG-aene.2.510	correct		3	16	1
VERG-aene.2.511	correct		1	15	0
VERG-aene.2.512	correct		23	18	3
VERG-aene.2.513	correct		33	16	3
VERG-aene.2.514	gold_unreachable	elision_mismatch	38	16	5
VERG-aene.2.515	correct		98	17	4
VERG-aene.2.516	correct		20	17	4
VERG-aene.2.517	gold_unreachable	elision_mismatch	48	19	8
VERG-aene.2.518	correct		220	18	6
VERG-aene.2.519	correct		16	16	2
VERG-aene.2.520	correct		16	15	2
VERG-aene.2.521	correct		29	16	3
VERG-aene.2.522	correct		21	16	2
VERG-aene.2.523	correct		11	16	3
VERG-aene.2.524	correct		27	17	3
VERG-aene.2.525	correct		1574	18	8
VERG-aene.2.526	correct		21	17	4
VERG-aene.2.527	correct		15	14	1
VERG-aene.2.528	correct		60	17	5
VERG-aene.2.529	correct		36	16	4
VERG-aene.2.530	correct		8	16	1
VERG-aene.2.531	correct		24	18	4
VERG-aene.2.532	correct		11	14	1
VERG-aene.2.533	correct		132	16	4
VERG-aene.2.534	correct		47	17	3
VERG-aene.2.535	correct		37	17	3
VERG-aene.2.536	correct		140	17	5
VERG-aene.2.537	correct		23	15	3
VERG-aene.2.538	correct		7	14	0
VERG-aene.2.539	correct		320	16	5
VERG-aene.2.540	correct		3	14	0
VERG-aene.2.541	correct		35	16	2
VERG-aene.2.542	correct		32	16	4
VERG-aene.2.543	correct		42	17	3
VERG-aene.2.544	correct		60	16	3
VERG-aene.2.545	correct		33	17	3
VERG-aene.2.546	correct		7	15	2
VERG-aene.2.547	correct		4	17	4
VERG-aene.2.548	correct		68	17	4
VERG-aene.2.549	correct		3	16	1
VERG-aene.2.550	correct		28	17	3
VERG-aene.2.551	correct		1	14	0
VERG-aene.2.552	correct		310	17	6
VERG-aene.2.553	correct		1	17	0
VERG-aene.2.554	correct		64	16	3
VERG-aene.2.555	correct		42	16	3
VERG-aene.2.556	correct		1	15	0
VERG-aene.2.557	correct		94	17	4
VERG-aene.2.558	correct		22	18	3
VERG-aene.2.559	correct		32	15	3
VERG-aene.2.560	correct		25	16	2
VERG-aene.2.561	correct		1360	17	7
VERG-aene.2.562	correct		19	15	3
VERG-aene.2.563	correct		9	14	1
VERG-aene.2.564	correct		208	16	5
VERG-aene.2.565	correct		38	16	3
VERG-aene.2.566	correct		18	17	4
VERG-aene.2.567	correct		35	18	3
VERG-aene.2.568	correct		47	17	4
VERG-aene.2.569	correct		17	17	4
VERG-aene.2.570	correct		4	15	1
VERG-aene.2.571	correct		110	18	6
VERG-aene.2.572	correct		51	17	4
VERG-aene.2.573	correct		101	19	7
VERG-aene.2.574	correct		49	17	3
VERG-aene.2.575	correct		1	16	1
VERG-aene.2.576	correct		126	17	4
VERG-aene.2.577	correct		5	18	4
VERG-aene.2.578	correct		57	15	3
VERG-aene.2.579	correct		92	17	4
VERG-aene.2.580	correct		44	17	4
VERG-aene.2.581	correct		15	16	2
VERG-aene.2.582	correct		17	15	2
VERG-aene.2.583	correct		1	16	1
VERG-aene.2.584	correct		108	19	6
VERG-aene.2.585	correct		1	15	0
VERG-aene.2.586	correct		605	18	7
VERG-aene.2.587	correct		12	17	5
VERG-aene.2.588	correct		118	16	4
VERG-aene.2.589	correct		28	16	2
VERG-aene.2.590	correct		17	15	1
VERG-aene.2.591	correct		18	15	2
VERG-aene.2.592	correct		12	16	2
VERG-aene.2.593	correct		18	18	4
VERG-aene.2.594	correct		1	16	0
VERG-aene.2.595	correct		21	16	2
VERG-aene.2.596	correct		27	18	4
VERG-aene.2.597	correct		15	16	2
VERG-aene.2.598	correct		19	16	3
VERG-aene.2.599	correct		50	16	3
VERG-aene.2.600	correct		1	18	2
VERG-aene.2.601	correct		15	19	4
VERG-aene.2.602	correct		1228	18	8
VERG-aene.2.603	correct		21	16	3
VERG-aene.2.604	correct		4	16	3
VERG-aene.2.605	correct		20	16	1
VERG-aene.2.606	correct		51	15	2
VERG-aene.2.607	correct		12	16	2
VERG-aene.2.608	correct		26	16	3
VERG-aene.2.609	correct		24	16	3
VERG-aene.2.610	correct		18	14	1
VERG-aene.2.611	correct		14	15	1
VERG-aene.2.612	correct		180	17	6
VERG-aene.2.613	correct		52	17	3
VERG-aene.2.615	correct		6	14	1
VERG-aene.2.616	correct		30	16	4
VERG-aene.2.617	correct		15	16	1
VERG-aene.2.618	correct		6	16	1
VERG-aene.2.619	correct		6	16	1
VERG-aene.2.620	correct		151	17	4
VERG-aene.2.621	correct		4	14	1
VERG-aene.2.622	correct		11	17	3
VERG-aene.2.624	correct		187	16	4
VERG-aene.2.625	correct		90	15	4
VERG-aene.2.626	correct		3	15	1
VERG-aene.2.627	correct		9	15	2
VERG-aene.2.628	correct		10	19	6
VERG-aene.2.629	correct		5	15	1
VERG-aene.2.630	correct		92	17	5
VERG-aene.2.631	correct		119	16	5
VERG-aene.2.632	correct		15	16	3
VERG-aene.2.633	correct		6	16	2
VERG-aene.2.634	correct		351	19	7
VERG-aene.2.635	correct		9	16	1
VERG-aene.2.636	correct		4	13	0
VERG-aene.2.637	correct		18	14	1
VERG-aene.2.638	correct		45	18	4
VERG-aene.2.639	correct		111	17	4
VERG-aene.2.641	correct		66	17	5
VERG-aene.2.642	correct		3	16	1
VERG-aene.2.643	correct		20	19	5
VERG-aene.2.644	gold_unreachable	elision_mismatch	14	15	1
VERG-aene.2.645	correct		8	18	3
VERG-aene.2.646	correct		5	16	1
VERG-aene.2.647	correct		85	17	4
VERG-aene.2.648	correct		37	17	3
VERG-aene.2.649	correct		10	15	2
VERG-aene.2.650	correct		4	15	1
VERG-aene.2.651	correct		96	16	5
VERG-aene.2.652	correct		52	16	3
VERG-aene.2.653	correct		20	16	3
VERG-aene.2.654	correct		6	17	2
VERG-aene.2.655	correct		1	16	0
VERG-aene.2.656	correct		48	17	5
VERG-aene.2.657	correct		3	16	1
VERG-aene.2.658	correct		38	16	3
VERG-aene.2.659	correct		1	16	0
VERG-aene.2.660	correct		2	19	3
VERG-aene.2.661	correct		867	17	6
VERG-aene.2.662	correct		19	16	2
VERG-aene.2.663	correct		90	17	6
VERG-aene.2.664	correct		4	15	0
VERG-aene.2.665	correct		22	17	3
VERG-aene.2.666	correct		161	15	5
VERG-aene.2.667	gold_unreachable	elision_mismatch	8	16	2
VERG-aene.2.668	correct		121	16	4
VERG-aene.2.669	correct		44	19	5
VERG-aene.2.670	correct		75	18	5
VERG-aene.2.671	correct		10	15	3
VERG-aene.2.672	correct		11	15	3
VERG-aene.2.673	correct		36	17	4
VERG-aene.2.674	correct		39	15	3
VERG-aene.2.675	correct		12	17	2
VERG-aene.2.676	gold_unreachable	elision_mismatch	3	15	1
VERG-aene.2.677	correct		30	15	2
VERG-aene.2.678	correct		14	17	3
VERG-aene.2.679	correct		30	17	4
VERG-aene.2.680	correct		12	16	2
VERG-aene.2.681	correct		11	16	2
VERG-aene.2.682	gold_unreachable	elision_mismatch	97	15	4
VERG-aene.2.683	correct		2	16	2
VERG-aene.2.684	correct		2	15	0
VERG-aene.2.685	correct		22	17	3
VERG-aene.2.686	correct		6	16	1
VERG-aene.2.687	correct		11	16	1
VERG-aene.2.688	correct		22	15	2
VERG-aene.2.689	correct		3	16	0
VERG-aene.2.690	correct		29	16	2
VERG-aene.2.691	correct		6	20	6
VERG-aene.2.692	correct		21	17	2
VERG-aene.2.693	correct		360	18	7
VERG-aene.2.694	correct		5	14	0
VERG-aene.2.695	correct		2	14	0
VERG-aene.2.696	correct		34	16	3
VERG-aene.2.697	gold_unreachable	elision_mismatch	7	13	1
VERG-aene.2.698	correct		11	15	1
VERG-aene.2.699	correct		22	15	2
VERG-aene.2.700	correct		11	14	1
VERG-aene.2.701	correct		9	15	1
VERG-aene.2.702	correct		77	17	4
VERG-aene.2.703	correct		1800	17	7
VERG-aene.2.704	correct		7	17	1
VERG-aene.2.705	correct		102	17	4
VERG-aene.2.706	correct		444	18	7
VERG-aene.2.707	correct		12	19	5
VERG-aene.2.708	correct		29	18	3
VERG-aene.2.709	correct		6	15	2
VERG-aene.2.710	correct		5	16	1
VERG-aene.2.711	correct		35	16	3
VERG-aene.2.712	correct		60	18	5
VERG-aene.2.713	correct		34	15	4
VERG-aene.2.714	correct		1	16	3
VERG-aene.2.715	correct		23	16	3
VERG-aene.2.716	correct		89	15	4
VERG-aene.2.717	correct		12	17	3
VERG-aene.2.718	correct		16	16	4
VERG-aene.2.719	correct		48	14	3
VERG-aene.2.721	correct		25	16	2
VERG-aene.2.722	correct		6	16	3
VERG-aene.2.723	correct		128	16	4
VERG-aene.2.724	correct		38	17	4
VERG-aene.2.725	correct		3	17	1
VERG-aene.2.726	correct		73	16	4
VERG-aene.2.727	correct		2	18	4
VERG-aene.2.728	correct		2	16	2
VERG-aene.2.729	correct		1	18	2
VERG-aene.2.730	correct		5	14	1
VERG-aene.2.731	correct		121	16	4
VERG-aene.2.732	correct		2	17	1
VERG-aene.2.733	correct		47	16	3
VERG-aene.2.734	correct		18	17	4
VERG-aene.2.735	correct		6	17	1
VERG-aene.2.736	correct		37	16	4
VERG-aene.2.737	correct		82	15	3
VERG-aene.2.738	correct		56	17	4
VERG-aene.2.739	correct		57	16	4
VERG-aene.2.740	correct		8	14	1
VERG-aene.2.741	gold_unreachable	elision_mismatch	10	17	3
VERG-aene.2.742	no_candidates	vowel_chain	0	17	3
VERG-aene.2.743	correct		3	14	0
VERG-aene.2.744	correct		28	16	2
VERG-aene.2.746	correct		208	16	5
VERG-aene.2.747	correct		56	17	5
VERG-aene.2.748	correct		42	15	3
VERG-aene.2.749	correct		1	16	2
VERG-aene.2.750	correct		77	17	5
VERG-aene.2.751	correct		6	16	3
VERG-aene.2.752	correct		15	16	2
VERG-aene.2.753	correct		44	17	4
VERG-aene.2.754	correct		58	16	3
VERG-aene.2.755	correct		2	18	2
VERG-aene.2.756	correct		4	15	0
VERG-aene.2.757	correct		8	19	5
VERG-aene.2.758	correct		64	16	3
VERG-aene.2.759	no_candidates	vowel_chain	0	20	4
VERG-aene.2.760	correct		100	16	4
VERG-aene.2.761	correct		10	15	1
VERG-aene.2.762	correct		10	14	1
VERG-aene.2.763	gold_unreachable	elision_mismatch	37	16	3
VERG-aene.2.764	correct		3	16	3
VERG-aene.2.765	correct		168	17	5
VERG-aene.2.766	correct		72	20	7
VERG-aene.2.768	correct		114	15	4
VERG-aene.2.769	correct		338	15	6
VERG-aene.2.770	correct		72	19	5
VERG-aene.2.771	correct		1	16	2
VERG-aene.2.772	correct		134	18	7
VERG-aene.2.773	correct		17	17	2
VERG-aene.2.774	gold_unreachable	elision_mismatch	6	20	5
VERG-aene.2.775	correct		16	14	1
VERG-aene.2.776	correct		28	16	4
VERG-aene.2.777	correct		31	17	4
VERG-aene.2.778	correct		83	17	5
VERG-aene.2.779	correct		2	16	1
VERG-aene.2.780	correct		18	19	4
VERG-aene.2.781	correct		348	18	6
VERG-aene.2.782	correct		50	16	3
VERG-aene.2.783	correct		150	17	5
VERG-aene.2.784	correct		16	17	4
VERG-aene.2.785	correct		5	17	1
VERG-aene.2.786	correct		530	17	6
VERG-aene.2.787	correct		107	19	5
VERG-aene.2.788	correct		15	15	2
VERG-aene.2.789	correct		70	16	3
VERG-aene.2.790	correct		9	18	4
VERG-aene.2.791	correct		17	18	3
VERG-aene.2.792	correct		7	15	1
VERG-aene.2.793	correct		8	14	2
VERG-aene.2.794	correct		9	17	3
VERG-aene.2.795	correct		15	15	3
VERG-aene.2.796	no_candidates	vowel_chain	0	17	4
VERG-aene.2.797	correct		44	17	5
VERG-aene.2.798	correct		32	16	3
VERG-aene.2.799	correct		8	18	2
VERG-aene.2.800	correct		14	15	1
VERG-aene.2.801	correct		27	16	3
VERG-aene.2.802	correct		50	16	3
VERG-aene.2.803	correct		5	15	0
VERG-aene.2.804	correct		106	16	4
